{
    "1.png": 0.2291160374879837,
    "10.png": 0.3292556405067444,
    "100.png": 0.19480660557746887,
    "101.png": 0.9427000284194946,
    "102.png": 0.018232207745313644,
    "103.png": 0.13439838588237762,
    "104.png": 0.9067886471748352,
    "105.png": 0.9874691367149353,
    "106.png": 0.11739461869001389,
    "107.png": 0.4552798867225647,
    "108.png": 0.2952977120876312,
    "109.png": 0.5182620286941528,
    "11.png": 0.02475390024483204,
    "110.png": 0.7020875215530396,
    "111.png": 0.37876591086387634,
    "112.png": 0.9656646847724915,
    "113.png": 0.543921709060669,
    "114.png": 0.12172522395849228,
    "115.png": 0.47831884026527405,
    "116.png": 0.11642821878194809,
    "117.png": 0.20481657981872559,
    "118.png": 0.23720169067382812,
    "119.png": 0.0846731960773468,
    "12.png": 0.060583796352148056,
    "120.png": 0.13401341438293457,
    "121.png": 0.8759129047393799,
    "122.png": 0.8458334803581238,
    "123.png": 0.12270709127187729,
    "124.png": 0.5171585083007812,
    "125.png": 0.8814747333526611,
    "126.png": 0.8514381647109985,
    "127.png": 0.9071098566055298,
    "128.png": 0.9328334927558899,
    "129.png": 0.21579508483409882,
    "13.png": 0.904643177986145,
    "130.png": 0.7775948643684387,
    "131.png": 0.8692463636398315,
    "132.png": 0.06683193147182465,
    "133.png": 0.9508020877838135,
    "134.png": 0.8791103959083557,
    "135.png": 0.4018528163433075,
    "136.png": 0.9327607750892639,
    "137.png": 0.2900862395763397,
    "138.png": 0.8334231972694397,
    "139.png": 0.9462567567825317,
    "14.png": 0.02098899893462658,
    "140.png": 0.7749390006065369,
    "141.png": 0.08083133399486542,
    "142.png": 0.8885321617126465,
    "143.png": 0.996256947517395,
    "144.png": 0.5697261095046997,
    "145.png": 0.39066049456596375,
    "146.png": 0.8575985431671143,
    "147.png": 0.366300493478775,
    "148.png": 0.018214356154203415,
    "149.png": 0.8696828484535217,
    "15.png": 0.0703287348151207,
    "150.png": 0.9584831595420837,
    "151.png": 0.8234931230545044,
    "152.png": 0.9939476847648621,
    "153.png": 0.48329347372055054,
    "154.png": 0.8148110508918762,
    "155.png": 0.8315857648849487,
    "156.png": 0.9818016290664673,
    "157.png": 0.9643687009811401,
    "158.png": 0.8944799304008484,
    "159.png": 0.16380539536476135,
    "16.png": 0.8976077437400818,
    "160.png": 0.5945867300033569,
    "161.png": 0.40309861302375793,
    "162.png": 0.9944187998771667,
    "163.png": 0.9117204546928406,
    "164.png": 0.02300206571817398,
    "165.png": 0.005437657702714205,
    "166.png": 0.9637231826782227,
    "167.png": 0.9489862322807312,
    "168.png": 0.975544810295105,
    "169.png": 0.3590344488620758,
    "17.png": 0.07541254162788391,
    "170.png": 0.44814130663871765,
    "171.png": 0.9566829800605774,
    "172.png": 0.29070162773132324,
    "173.png": 0.758120596408844,
    "174.png": 0.4597969353199005,
    "175.png": 0.20730653405189514,
    "176.png": 0.06109922379255295,
    "177.png": 0.18069322407245636,
    "178.png": 0.1681758016347885,
    "179.png": 0.03280245512723923,
    "18.png": 0.02531331591308117,
    "180.png": 0.1917421817779541,
    "181.png": 0.821133017539978,
    "182.png": 0.028382711112499237,
    "183.png": 0.5422233939170837,
    "184.png": 0.19426685571670532,
    "185.png": 0.5459303855895996,
    "186.png": 0.03373648226261139,
    "187.png": 0.5849376320838928,
    "188.png": 0.6090794801712036,
    "189.png": 0.27149319648742676,
    "19.png": 0.9972723722457886,
    "190.png": 0.422620952129364,
    "191.png": 0.09865110367536545,
    "192.png": 0.35570427775382996,
    "193.png": 0.2724996507167816,
    "194.png": 0.8211178779602051,
    "195.png": 0.6104600429534912,
    "196.png": 0.2980157732963562,
    "197.png": 0.33105558156967163,
    "198.png": 0.022449294105172157,
    "199.png": 0.9216548800468445,
    "2.png": 0.27706751227378845,
    "20.png": 0.757760763168335,
    "200.png": 0.997467577457428,
    "201.png": 0.22965916991233826,
    "202.png": 0.7652702927589417,
    "203.png": 0.8120572566986084,
    "204.png": 0.4832558333873749,
    "205.png": 0.9643992185592651,
    "206.png": 0.14144502580165863,
    "207.png": 0.7098073363304138,
    "208.png": 0.44336336851119995,
    "209.png": 0.3838297426700592,
    "21.png": 0.35778456926345825,
    "210.png": 0.9356470108032227,
    "211.png": 0.6433779001235962,
    "212.png": 0.5111132860183716,
    "213.png": 0.5250996947288513,
    "214.png": 0.45974937081336975,
    "215.png": 0.2097349613904953,
    "216.png": 0.9215775728225708,
    "217.png": 0.9664776921272278,
    "218.png": 0.4408780336380005,
    "219.png": 0.9784882068634033,
    "22.png": 0.9191953539848328,
    "220.png": 0.19477862119674683,
    "221.png": 0.006530534941703081,
    "222.png": 0.9353359341621399,
    "223.png": 0.003928146790713072,
    "224.png": 0.9963890314102173,
    "225.png": 0.09332899749279022,
    "226.png": 0.8707866668701172,
    "227.png": 0.520550012588501,
    "228.png": 0.011190524324774742,
    "229.png": 0.43967217206954956,
    "23.png": 0.03589332103729248,
    "230.png": 0.22055350244045258,
    "231.png": 0.02822515182197094,
    "232.png": 0.12868759036064148,
    "233.png": 0.9925716519355774,
    "234.png": 0.5003947019577026,
    "235.png": 0.3829418122768402,
    "236.png": 0.7959020137786865,
    "237.png": 0.12968292832374573,
    "238.png": 0.4273936450481415,
    "239.png": 0.2726254165172577,
    "24.png": 0.9908903241157532,
    "240.png": 0.5300496816635132,
    "241.png": 0.014856256544589996,
    "242.png": 0.8495461940765381,
    "243.png": 0.3926798403263092,
    "244.png": 0.0042679947800934315,
    "245.png": 0.16089606285095215,
    "246.png": 0.9843366742134094,
    "247.png": 0.7620834112167358,
    "248.png": 0.7697980403900146,
    "249.png": 0.9857187271118164,
    "25.png": 0.371855229139328,
    "250.png": 0.12439796328544617,
    "251.png": 0.3813251554965973,
    "252.png": 0.05779743194580078,
    "253.png": 0.9514262080192566,
    "254.png": 0.5310495495796204,
    "255.png": 0.7256195545196533,
    "256.png": 0.711531937122345,
    "257.png": 0.9199933409690857,
    "258.png": 0.528483510017395,
    "259.png": 0.8803373575210571,
    "26.png": 0.7175911664962769,
    "260.png": 0.49775946140289307,
    "261.png": 0.5549079179763794,
    "262.png": 0.9492255449295044,
    "263.png": 0.0763545036315918,
    "264.png": 0.08589613437652588,
    "265.png": 0.5737127065658569,
    "266.png": 0.044527508318424225,
    "267.png": 0.8441876173019409,
    "268.png": 0.3730229139328003,
    "269.png": 0.553720235824585,
    "27.png": 0.36518388986587524,
    "270.png": 0.9966297745704651,
    "271.png": 0.8966734409332275,
    "272.png": 0.9615209102630615,
    "273.png": 0.37726277112960815,
    "274.png": 0.008302198722958565,
    "275.png": 0.08655143529176712,
    "276.png": 0.7671618461608887,
    "277.png": 0.8076612949371338,
    "278.png": 0.9835323691368103,
    "279.png": 0.15806949138641357,
    "28.png": 0.23465584218502045,
    "280.png": 0.945722758769989,
    "281.png": 0.8394787311553955,
    "282.png": 0.6686286926269531,
    "283.png": 0.9074657559394836,
    "284.png": 0.2034328579902649,
    "285.png": 0.28027787804603577,
    "286.png": 0.3163639307022095,
    "287.png": 0.9201412200927734,
    "288.png": 0.5155091285705566,
    "289.png": 0.5966208577156067,
    "29.png": 0.012818793766200542,
    "290.png": 0.1371554434299469,
    "291.png": 0.2426420897245407,
    "292.png": 0.4440331757068634,
    "293.png": 0.29600951075553894,
    "294.png": 0.17526276409626007,
    "295.png": 0.8555940389633179,
    "296.png": 0.2270212173461914,
    "297.png": 0.33483174443244934,
    "298.png": 0.3653908967971802,
    "299.png": 0.9937969446182251,
    "3.png": 0.7010236978530884,
    "30.png": 0.4646278917789459,
    "300.png": 0.09690310806035995,
    "301.png": 0.8807799816131592,
    "302.png": 0.8977460265159607,